user_id,first_name,last_name,email,registration_date
1,Tracy,Baker,juanwilkins@example.org,2024-07-08
2,Ryan,Williams,klittle@example.net,2023-05-02
3,Joseph,Dawson,susan99@example.net,2023-09-10
4,Anna,Key,roberto88@example.org,2023-12-20
5,Donald,Duarte,carrie27@example.org,2024-09-14
6,Tina,Hall,hannahbrown@example.net,2023-02-08
7,Joel,Anderson,seankelly@example.net,2022-12-30
8,Nicole,Harris,townsendjeremiah@example.net,2023-08-09
9,Janet,Ochoa,jason61@example.com,2024-07-15
10,Jason,Walton,stacy38@example.org,2023-02-04
11,Jill,Martinez,kenneth04@example.com,2022-11-30
12,Mark,Smith,uwilliams@example.com,2023-07-15
13,Kelly,Odom,goneal@example.com,2023-09-18
14,Andrew,Lewis,elizabethgilmore@example.org,2024-02-14
15,Adam,White,stephensjason@example.org,2023-03-01
16,Stephanie,Alexander,meganmoore@example.net,2023-09-29
17,Theodore,James,littlechristine@example.com,2023-11-28
18,Sharon,Schneider,julie13@example.org,2023-12-01
19,Lauren,Walker,deannajones@example.net,2024-07-07
20,Dawn,Moore,nmontgomery@example.org,2024-08-19
21,Michelle,Figueroa,cruzdaniel@example.org,2023-01-09
22,Jason,Williams,jesseelliott@example.org,2023-01-22
23,Crystal,Sanchez,taylorhuang@example.com,2023-06-02
24,David,Bailey,jfoster@example.net,2024-03-26
25,Norman,Olson,michaeldavila@example.com,2024-03-08
26,Crystal,Anderson,johnsontaylor@example.net,2023-09-12
27,Brianna,Hendrix,howellisaac@example.org,2022-12-17
28,Leah,Wheeler,hendersonbrian@example.com,2024-07-11
29,Caitlyn,Lee,soniascott@example.org,2024-07-04
30,Kenneth,Franklin,ashley00@example.org,2023-01-02
31,Christopher,Kelly,julie83@example.org,2024-06-02
32,Stephanie,Blevins,petersonchad@example.net,2023-08-10
33,Gregory,Becker,kkim@example.org,2022-12-12
34,Nancy,Morris,gonzaleztina@example.com,2023-03-30
35,Jeremy,Lewis,jacksonsteven@example.com,2022-11-07
36,Mark,Peterson,abigailbonilla@example.org,2023-11-24
37,Brian,Anderson,meredithcarr@example.org,2022-10-17
38,Brian,Alvarez,dana76@example.net,2022-11-18
39,Manuel,Sanders,jonessergio@example.org,2023-12-12
40,Natalie,Powell,wallacewilliam@example.net,2023-03-18
41,Jason,Hall,ogutierrez@example.org,2022-11-13
42,Jennifer,Duke,mason55@example.net,2024-03-06
43,William,Lindsey,jessica40@example.net,2024-07-04
44,Amy,Brown,christopher92@example.com,2022-11-29
45,Breanna,Torres,benjamin00@example.org,2023-06-13
46,Jason,Walters,lozanorobert@example.org,2024-10-01
47,Jennifer,Perry,rmathews@example.com,2024-05-03
48,Randy,Tyler,vjohnson@example.net,2024-03-30
49,Mitchell,Moore,cherylbrown@example.com,2023-09-16
50,James,Smith,charlesfrancis@example.net,2022-11-08
51,Patrick,Bridges,thomasvazquez@example.net,2023-11-28
52,Monica,Collins,fhunter@example.net,2023-07-05
53,Kathryn,Ritter,paulaayers@example.org,2024-08-18
54,Daisy,Crawford,debra04@example.org,2024-04-03
55,Kelli,Daniels,dtrevino@example.com,2023-02-05
56,Danielle,Schroeder,burchholly@example.net,2023-09-22
57,Brittany,Cooke,angela96@example.com,2024-05-29
58,Kelsey,Mitchell,johnrodriguez@example.net,2023-02-22
59,Earl,Wagner,cmartinez@example.org,2023-06-25
60,John,Gilbert,keith71@example.com,2023-08-26
61,Jimmy,Henderson,hornmichael@example.org,2024-02-10
62,Jacob,Flores,pattersonhaley@example.net,2023-02-11
63,Evan,Price,christian69@example.org,2023-01-03
64,Todd,Coleman,wromero@example.org,2022-10-16
65,Michael,Baker,micheleyates@example.net,2024-05-17
66,Teresa,Rios,kari29@example.net,2022-12-27
67,Anthony,Henry,fmartin@example.net,2024-07-30
68,Kevin,Guerra,bmeyers@example.com,2023-08-30
69,Melanie,Becker,charles83@example.com,2023-11-26
70,Amy,Mata,udavila@example.org,2024-09-22
71,Rachel,Martin,melliott@example.org,2023-06-13
72,Melissa,Brennan,faith31@example.com,2024-01-01
73,David,Kent,fdavis@example.org,2023-05-18
74,Troy,Nichols,dreed@example.com,2024-10-01
75,Wendy,Jones,llewis@example.net,2024-08-02
76,Heather,Gonzalez,harriskathleen@example.org,2024-06-23
77,Jose,Burgess,qspencer@example.org,2023-12-28
78,Manuel,Rogers,kmiller@example.com,2023-02-11
79,Angela,Larson,nancyhenderson@example.com,2023-03-31
80,David,Garrett,cynthiasanders@example.com,2022-10-28
81,Michael,Hoover,brittany41@example.org,2023-04-19
82,David,Young,erica56@example.net,2023-12-18
83,Robert,Coleman,andersonjames@example.org,2024-09-03
84,Daniel,Hughes,johnbrown@example.com,2023-10-30
85,Shawn,Khan,zcarter@example.org,2022-10-20
86,Justin,Williams,apriltaylor@example.net,2023-02-18
87,Jonathan,Rosales,thoward@example.org,2022-10-23
88,Tami,Bass,martinezmichael@example.com,2024-06-25
89,Patricia,Simon,roblesrebecca@example.com,2022-12-14
90,Elizabeth,Mcguire,shawn06@example.org,2023-04-04
91,Christopher,Murphy,jennifer78@example.net,2024-09-19
92,Denise,Wilkerson,timothy51@example.com,2024-07-21
93,Pamela,Yang,kingbrandi@example.com,2023-08-14
94,Benjamin,Kelly,aliciarobinson@example.org,2022-11-12
95,Suzanne,Gould,elizabeth07@example.com,2024-06-18
96,Craig,Perez,matthewpearson@example.org,2024-07-30
97,Susan,Lopez,mvaldez@example.org,2024-08-06
98,Alexander,Evans,browndonald@example.com,2023-06-18
99,Richard,Blankenship,kim41@example.org,2023-04-24
100,Jacqueline,Gutierrez,ortegamadison@example.com,2023-12-07
101,Matthew,Foster,amandawoods@example.net,2023-11-22
102,Melissa,Rice,robert34@example.org,2023-03-26
103,Vanessa,Savage,drichmond@example.com,2024-09-03
104,Samantha,Acosta,gcooper@example.com,2024-03-03
105,Stephanie,Taylor,cruzmark@example.net,2023-05-02
106,Mark,Hall,cbaldwin@example.com,2023-04-09
107,Steven,Robinson,vayers@example.net,2023-05-10
108,Jill,Manning,fferguson@example.org,2023-11-27
109,David,Sanchez,anthony33@example.net,2023-09-16
110,Meghan,Kirk,brenda35@example.org,2023-01-26
111,James,Mitchell,vazquezmisty@example.org,2024-07-29
112,Michael,Gallagher,amandamcdonald@example.org,2024-01-02
113,Patricia,Mitchell,drodriguez@example.org,2022-11-19
114,Lisa,Martin,grose@example.net,2024-04-25
115,Seth,Conley,william52@example.com,2023-08-06
116,Thomas,Andersen,brandon13@example.org,2022-11-13
117,Sara,Rose,jessicanovak@example.com,2024-06-25
118,Joshua,Jenkins,jimwagner@example.org,2023-03-04
119,Tricia,Alvarado,ijackson@example.net,2022-10-30
120,Justin,Collins,stevengutierrez@example.net,2023-10-11
121,Brittany,Thompson,sreyes@example.com,2022-11-01
122,Cynthia,Romero,batesamanda@example.org,2023-08-15
123,Rebecca,Hernandez,hilldavid@example.com,2022-10-09
124,Kaitlyn,Herrera,gonzalesdennis@example.net,2024-07-08
125,Lindsey,Tran,eellis@example.net,2023-09-18
126,Amy,Robinson,alan48@example.com,2023-08-04
127,Steven,Zimmerman,davidbowers@example.com,2023-11-14
128,Carol,Cochran,amber84@example.net,2023-05-21
129,Mark,Walker,jrodgers@example.com,2022-11-25
130,Jon,Green,erodriguez@example.org,2024-03-03
131,Monica,Burton,caitlin35@example.org,2022-10-24
132,Judith,Gonzalez,douglasgalvan@example.net,2024-06-05
133,Deanna,Mendoza,jeremyeaton@example.com,2023-03-15
134,Seth,Jones,vickiedean@example.net,2023-06-03
135,William,Suarez,odennis@example.org,2024-05-02
136,Jeanette,Price,tadkins@example.com,2024-04-08
137,Richard,Herrera,hallashley@example.com,2024-09-14
138,Melissa,Johnson,georgetyler@example.org,2023-10-21
139,Melissa,Thompson,qtaylor@example.net,2024-04-12
140,Maria,Hill,qsherman@example.com,2023-03-22
141,Tracy,Hall,qadams@example.org,2023-11-20
142,Zachary,White,hstein@example.org,2023-01-06
143,Tamara,Gutierrez,nashmichael@example.com,2023-10-03
144,Benjamin,Blankenship,christina95@example.com,2023-07-10
145,Amy,Montoya,carlos01@example.net,2023-01-20
146,Erin,Holmes,johnthompson@example.org,2023-06-06
147,Briana,Kelley,zshepard@example.net,2024-07-31
148,David,Pineda,kennethross@example.net,2024-04-29
149,Adam,Wilkins,michelle16@example.com,2023-05-14
150,Brenda,Griffith,sjones@example.org,2023-06-15
151,Jacqueline,Johnson,shafferwesley@example.net,2023-12-08
152,Christina,Brown,jerry20@example.net,2022-11-14
153,Corey,Horton,christinawebster@example.net,2023-02-08
154,Lindsey,Rios,brianschultz@example.net,2024-06-03
155,Donald,Davidson,murphynicole@example.com,2023-10-15
156,Victoria,Smith,qdavis@example.org,2022-10-16
157,Ronald,Moss,vallen@example.org,2023-02-04
158,Jennifer,Dyer,michaelmiranda@example.org,2023-05-17
159,Heather,Roberts,sallybell@example.net,2024-01-05
160,Jason,Warren,lisa72@example.com,2023-11-24
161,Ruth,Williams,bescobar@example.net,2023-01-20
162,John,Anderson,edwardlee@example.net,2023-11-06
163,Todd,Goodwin,goodcaleb@example.org,2024-07-11
164,David,Mitchell,sue20@example.net,2023-07-15
165,Katherine,Thompson,brianlyons@example.net,2023-09-04
166,Susan,Brooks,hgreene@example.net,2024-07-18
167,Rebecca,Nelson,mark64@example.com,2023-10-20
168,Alan,Johnson,woodsjason@example.org,2024-01-05
169,William,Gonzalez,crystal96@example.org,2024-07-25
170,Shelley,Snyder,richardharper@example.net,2024-07-28
171,Sydney,Peters,downsemily@example.org,2023-07-18
172,Katie,Wright,ericpowell@example.com,2023-04-12
173,Michael,Hawkins,alandougherty@example.org,2023-06-15
174,John,Fuller,ksmith@example.com,2024-07-29
175,Richard,Casey,amybolton@example.net,2023-08-26
176,Catherine,Stone,rbutler@example.org,2023-06-15
177,Rebecca,Cole,hhowell@example.com,2024-05-03
178,Richard,Hill,galvanbrandi@example.net,2023-05-05
179,Max,Michael,gbarrett@example.org,2024-01-09
180,Gabrielle,Morgan,collinsmichelle@example.org,2024-06-16
181,Amber,White,adamskevin@example.net,2023-07-16
182,Daniel,Ramirez,nicolasterry@example.com,2024-07-18
183,Courtney,Nichols,ksanchez@example.net,2023-07-02
184,John,Newton,ttran@example.org,2022-11-05
185,William,Phillips,brownjon@example.org,2023-05-28
186,Joseph,Wells,ybyrd@example.com,2024-01-26
187,Ebony,Ross,mccannchristopher@example.org,2023-12-20
188,Paul,Taylor,oboone@example.org,2023-05-15
189,Betty,Smith,jennifer12@example.net,2023-11-26
190,Shelley,Smith,buckmichael@example.net,2023-06-19
191,Frank,Berry,heather68@example.org,2023-09-09
192,Jeremiah,Rogers,jonathan10@example.net,2024-09-26
193,Travis,Paul,nmiller@example.org,2023-04-21
194,Reginald,Hill,ycunningham@example.net,2023-07-30
195,Amy,Dunlap,williamperry@example.org,2022-10-26
196,Ashley,Garcia,gonzalezjudy@example.org,2023-04-23
197,Michael,Pruitt,lisanguyen@example.com,2023-12-05
198,Brianna,Ray,qwatson@example.org,2024-04-18
199,David,Johnson,reginaldhernandez@example.net,2024-07-30
200,Sheri,Oneal,nhill@example.org,2022-11-25
201,Mitchell,Castro,kennedydylan@example.com,2024-03-31
202,Bradley,Hughes,sanchezadam@example.net,2023-10-22
203,Jason,Rodriguez,harrismiguel@example.net,2023-03-09
204,Jason,Sims,iramos@example.com,2024-05-03
205,Cynthia,Oconnor,jessicaadams@example.net,2024-07-24
206,Alice,Vazquez,thomas89@example.net,2024-03-25
207,Lori,Cruz,charlesaguilar@example.org,2024-02-18
208,Brittany,Andrews,davismelissa@example.net,2023-10-27
209,Gabriel,Ferguson,zcoleman@example.com,2023-09-25
210,Vincent,Reyes,krocha@example.com,2023-03-15
211,Kyle,Thompson,yolanda38@example.net,2024-04-05
212,Dakota,Evans,steven05@example.net,2023-01-26
213,Tracy,Green,ohuerta@example.net,2023-09-01
214,Frederick,Herrera,phillippatel@example.com,2024-07-13
215,Kevin,Hansen,yjones@example.com,2023-08-27
216,Jessica,Smith,angela41@example.net,2023-06-12
217,Luis,Perez,dclark@example.net,2023-04-29
218,Elizabeth,Obrien,georgeramos@example.net,2024-02-21
219,Elizabeth,Miller,chenkelly@example.com,2022-10-03
220,Austin,Chen,diane61@example.com,2022-12-13
221,Brittany,Smith,scott82@example.com,2023-07-20
222,Tiffany,Baker,obrown@example.net,2024-09-06
223,Brandy,Brooks,jenniferbarnes@example.org,2024-07-21
224,Joshua,Carlson,phelpsdeborah@example.com,2023-06-24
225,Heather,Ayers,jeremiahlewis@example.org,2023-08-30
226,Judith,Diaz,pricejennifer@example.net,2024-04-17
227,Angela,Pugh,tmann@example.org,2024-09-21
228,Peter,Santana,kbrewer@example.org,2023-05-24
229,Michael,Palmer,mitchellamy@example.org,2024-04-15
230,Jonathan,Patterson,jmiller@example.org,2023-02-15
231,Robin,Miller,kimberlyrhodes@example.org,2023-01-16
232,Daniel,Fuentes,charleshodges@example.net,2023-09-25
233,Laurie,Weaver,foxalan@example.org,2022-11-29
234,Claire,Thornton,william94@example.com,2024-06-28
235,Mary,Goodman,garrettwillis@example.org,2022-11-15
236,Ian,Thompson,valeriemartinez@example.net,2024-03-17
237,Valerie,Spencer,reyestravis@example.com,2024-08-07
238,Joshua,Walters,kpena@example.org,2022-11-21
239,Mark,Wright,matthew61@example.com,2023-04-28
240,Albert,Brewer,lori45@example.net,2023-04-22
241,Sara,Lindsey,rsmith@example.org,2023-11-23
242,Michelle,Reyes,dustinhernandez@example.net,2024-08-28
243,George,Reese,rholmes@example.net,2024-02-04
244,Christopher,James,owood@example.com,2023-12-29
245,Michael,Blair,angela80@example.org,2024-05-04
246,Robert,Baker,harperjames@example.com,2022-12-23
247,Julia,Shelton,masseykevin@example.org,2023-11-24
248,Tricia,Mathews,wileystephen@example.com,2023-03-26
249,Karen,Jones,lwalter@example.net,2023-07-03
250,Keith,Rosales,christy54@example.com,2024-08-05
251,Timothy,Walker,kimberlyhenry@example.net,2024-03-15
252,Michael,Wolfe,amberking@example.com,2024-05-05
253,Chelsea,Sanchez,julie27@example.org,2024-06-25
254,Crystal,Castro,john22@example.net,2024-01-23
255,Daniel,Chan,katherine24@example.com,2023-10-16
256,Deborah,Coffey,brandon72@example.net,2023-10-01
257,Warren,Williams,vanessaknight@example.net,2024-02-16
258,Mary,Johnson,kevinjames@example.org,2023-03-04
259,Sheila,Stokes,kristin49@example.org,2024-08-11
260,Jaime,Gardner,watsonbrittney@example.org,2023-02-25
261,Connie,Collier,arasmussen@example.net,2023-09-27
262,Jacob,Martinez,alicia83@example.com,2023-01-02
263,Jody,Bass,unorman@example.org,2024-08-01
264,John,Hopkins,williamsdavid@example.org,2022-11-01
265,Carol,Hanson,thomassarah@example.org,2024-02-11
266,Megan,Vazquez,leesarah@example.com,2023-04-03
267,Jonathan,Arellano,nicoledonovan@example.com,2024-04-25
268,Molly,Huffman,shenry@example.com,2024-04-11
269,Dawn,Collins,dylan34@example.com,2023-12-18
270,Marc,Price,robin88@example.net,2023-07-12
271,Jennifer,Thompson,daltonhunt@example.com,2023-12-04
272,Kimberly,Reed,onguyen@example.org,2023-11-30
273,Danny,Berg,ambercunningham@example.com,2024-09-29
274,Lisa,Martin,ashley66@example.com,2023-12-06
275,William,Gonzalez,john81@example.com,2023-01-20
276,Stephanie,Gordon,bradley37@example.org,2023-09-21
277,Wendy,Bennett,dennisbaldwin@example.com,2023-03-04
278,Sheena,Marshall,jasonsmith@example.org,2024-08-18
279,Michael,Larson,medinanicholas@example.net,2023-12-11
280,Heather,Erickson,kenneth70@example.com,2023-08-01
281,Martha,Love,erichorn@example.com,2024-07-08
282,Lauren,Floyd,robertbrown@example.org,2024-03-01
283,Angela,Bowers,avilamichael@example.org,2023-01-19
284,Marvin,Taylor,ronniehenderson@example.net,2024-06-23
285,Sara,Beltran,richardsonsteven@example.org,2022-12-13
286,Brenda,Hunt,mpearson@example.net,2023-01-22
287,Lindsay,Tucker,watsonwesley@example.org,2022-12-25
288,Molly,Blanchard,johnmeyer@example.net,2024-02-20
289,Cindy,Gomez,anthonylinda@example.net,2023-09-29
290,David,Howard,irodriguez@example.net,2023-11-22
291,Alexander,Beck,elizabethmann@example.com,2023-12-26
292,Nicole,Shaw,tatevictoria@example.org,2024-09-06
293,Daniel,Frye,melissaboyer@example.com,2022-10-15
294,Patricia,Gregory,lisa41@example.com,2023-09-28
295,Debra,Best,jaimewillis@example.com,2024-04-16
296,Elizabeth,Anderson,kyliegarcia@example.net,2024-07-22
297,Nicole,Harris,michaelberry@example.com,2023-09-05
298,Anita,Owens,jeffrey98@example.org,2023-06-21
299,Dana,Gallagher,osbornecourtney@example.org,2022-12-07
300,Laura,Steele,nicole97@example.com,2024-07-15
301,Angela,Walker,mcdowellandrew@example.com,2024-03-10
302,Patrick,Chung,david98@example.net,2022-10-25
303,Shane,Pham,troymiller@example.org,2023-07-26
304,Sheila,Spence,lbrown@example.com,2024-02-20
305,Patrick,Johnson,kross@example.com,2023-01-30
306,Nicole,Carey,perkinsmichael@example.net,2022-11-18
307,Nicolas,Hines,georgeryan@example.com,2024-03-10
308,Eric,Harrington,balexander@example.com,2023-12-19
309,Cassandra,Miller,qyoung@example.net,2023-03-25
310,Brittany,Lee,sarah05@example.com,2023-05-22
311,Robin,Ford,stephanie18@example.net,2024-09-27
312,John,Hunter,ffry@example.net,2023-05-30
313,Sean,Garcia,monroekimberly@example.net,2023-12-21
314,Stephanie,Joseph,kwalker@example.net,2024-07-06
315,Jessica,Rodriguez,dorothyhubbard@example.com,2023-09-10
316,Emily,Moore,linda65@example.net,2022-11-10
317,James,Diaz,kayla61@example.org,2024-02-01
318,Melinda,Gomez,fcombs@example.com,2024-03-31
319,Rodney,Porter,jonewing@example.com,2023-07-30
320,Erin,James,thomascollins@example.org,2023-01-06
321,Alisha,Wilcox,kimberly33@example.net,2023-03-26
322,Makayla,Buckley,phillip52@example.com,2023-12-31
323,Megan,Sosa,emmataylor@example.org,2023-01-31
324,Mary,Young,lisamontoya@example.net,2023-03-04
325,Sandy,Sawyer,juarezjennifer@example.org,2023-11-02
326,Stephen,Jacobs,dave97@example.org,2023-03-16
327,Deborah,Reynolds,brennanbarbara@example.org,2023-08-22
328,Barry,Henderson,jeff51@example.com,2023-07-01
329,Laura,Ingram,thomas46@example.com,2023-10-21
330,Matthew,Arroyo,reedangela@example.net,2022-11-27
331,Kimberly,Jones,ifrost@example.org,2023-11-23
332,Daniel,Davis,aimee94@example.com,2022-12-19
333,Brandon,Esparza,josephnorman@example.com,2023-05-03
334,John,Coleman,wcunningham@example.net,2023-04-17
335,Thomas,Schwartz,wbradley@example.org,2022-11-13
336,Emily,Moore,jillbrown@example.net,2022-10-06
337,Charlotte,Hicks,jeffrey61@example.com,2023-06-30
338,Michael,Campbell,mariamassey@example.net,2024-06-23
339,Joshua,Wilson,cjensen@example.org,2023-06-02
340,Timothy,Stark,elizabeth96@example.com,2024-04-05
341,Beverly,Ramos,jennifer73@example.com,2023-07-01
342,Caitlin,Mcbride,iharrison@example.net,2023-07-16
343,Kristen,Smith,ksweeney@example.com,2024-05-22
344,Angela,Hines,catherine12@example.net,2024-10-01
345,Benjamin,Kline,jessica02@example.net,2023-01-19
346,Shari,Simmons,qbarron@example.org,2023-11-06
347,Gregory,Holmes,nblankenship@example.net,2023-06-25
348,Veronica,Winters,morganjennifer@example.com,2023-02-03
349,Brett,Zamora,robert00@example.com,2023-07-24
350,Pamela,Barker,lamsandra@example.com,2024-10-01
351,Teresa,Harris,christopher71@example.com,2024-09-12
352,Bryan,Evans,angela24@example.com,2024-05-29
353,Kimberly,Butler,rtaylor@example.org,2024-03-08
354,Danielle,Macdonald,lowethomas@example.net,2023-12-26
355,Richard,Hensley,fstephens@example.org,2024-09-05
356,Scott,Zimmerman,owoods@example.org,2024-01-01
357,Sabrina,Price,guerreroandre@example.net,2022-12-18
358,Allison,White,carterjackson@example.com,2023-01-08
359,Jacqueline,King,christinedecker@example.com,2023-03-24
360,Edward,Esparza,hallraymond@example.org,2024-04-10
361,Amy,Velasquez,marshjessica@example.net,2023-05-26
362,Adam,Burton,kjohnson@example.org,2022-11-10
363,Maria,Medina,hcarroll@example.com,2024-02-05
364,Emma,Jackson,dperry@example.net,2023-10-19
365,Elizabeth,Meza,cooperlaura@example.net,2024-08-25
366,Alejandro,Perez,rrandall@example.com,2023-10-14
367,James,Richardson,craigortega@example.org,2022-11-21
368,Laura,Gross,pallen@example.com,2023-10-03
369,Mary,Walters,pgibson@example.net,2023-07-28
370,Stephen,Estrada,hnicholson@example.org,2022-12-26
371,Bailey,Carr,lcarter@example.com,2023-06-22
372,Nicholas,King,mary81@example.org,2023-03-25
373,Kristen,Davis,michael27@example.org,2024-02-18
374,Amy,George,jonessarah@example.org,2023-11-23
375,Dillon,Mann,michaeltucker@example.com,2024-02-07
376,Sean,King,hollylarson@example.org,2024-04-29
377,Courtney,Smith,beverlymclaughlin@example.org,2024-02-12
378,Daniel,Johnson,robert91@example.net,2023-11-17
379,Sonya,Hendricks,edwardsedward@example.net,2023-03-12
380,David,Bradford,restrada@example.net,2024-01-13
381,Brian,Baird,bhawkins@example.net,2022-12-29
382,Kendra,Parker,yhicks@example.net,2022-10-08
383,Brian,Ryan,xnielsen@example.org,2022-11-07
384,Darrell,Buck,ebony57@example.com,2023-01-31
385,Mark,Mooney,george87@example.org,2023-01-26
386,Sylvia,Smith,fphillips@example.org,2024-02-09
387,Harry,Hall,schneiderjessica@example.com,2023-06-11
388,Joanne,Bates,jennifer88@example.net,2024-07-17
389,Mark,Osborne,williamsjodi@example.net,2024-04-01
390,Sarah,Moran,misty54@example.com,2023-08-03
391,Kari,Carter,rossdavid@example.com,2023-04-21
392,Stacey,Smith,daviddevon@example.com,2024-01-16
393,Melissa,Benjamin,johnsoncolton@example.com,2023-05-01
394,Jason,Johnson,cfarrell@example.org,2024-09-10
395,Scott,Atkinson,scottmoss@example.org,2023-01-28
396,Dawn,Gomez,richardjones@example.org,2024-03-20
397,Jacqueline,Warren,hgolden@example.org,2023-06-25
398,Shannon,Jensen,colleen72@example.net,2023-06-01
399,Kristi,Nguyen,atkinsonelizabeth@example.net,2023-11-25
400,Christopher,Rodriguez,jamessusan@example.org,2023-09-05
401,Adam,Phillips,lancewallace@example.net,2022-12-01
402,Justin,Harrison,denise10@example.com,2022-11-13
403,Jeffery,Sutton,jamesbrown@example.org,2022-11-08
404,Jimmy,Scott,matthew07@example.net,2024-05-24
405,Jane,Hardy,freemanmelissa@example.com,2023-08-31
406,Jeremiah,Kim,maureencook@example.net,2022-12-12
407,Nathan,Collins,pmcbride@example.com,2022-12-02
408,Rachael,Baird,andrea93@example.net,2023-01-27
409,Brian,Huber,martinezkimberly@example.com,2023-06-03
410,Michele,Richardson,bethbrown@example.net,2024-05-22
411,Frank,Williams,garciaanthony@example.com,2024-05-10
412,Carrie,Huff,bridgesgina@example.org,2023-04-04
413,John,Lee,areyes@example.org,2024-05-27
414,Douglas,Mitchell,igill@example.com,2023-07-06
415,Matthew,Montoya,smclaughlin@example.com,2024-01-29
416,Kathleen,Li,guzmankatie@example.org,2022-10-24
417,Samantha,Burch,kanetracy@example.com,2024-08-19
418,Keith,Mcguire,uatkins@example.org,2023-06-25
419,Timothy,White,martinamber@example.org,2023-01-07
420,Justin,Richardson,jamie56@example.net,2023-09-08
421,Diana,Adams,kwaters@example.com,2023-07-05
422,Ryan,Jones,johnmadden@example.com,2024-09-28
423,Alicia,Eaton,aprilmyers@example.com,2022-11-13
424,Kimberly,Hernandez,pwilliams@example.net,2023-04-11
425,Peter,Ward,nstark@example.net,2023-07-20
426,Johnny,Sparks,perezmichael@example.com,2023-10-27
427,Dakota,Jones,osanchez@example.com,2023-08-08
428,Peter,Bryan,wvargas@example.com,2023-05-08
429,Teresa,Gonzalez,cmcbride@example.com,2022-11-16
430,Ronald,Robinson,garrett01@example.org,2024-02-16
431,Amy,Maldonado,wilsonkristina@example.com,2023-02-18
432,Virginia,Campbell,gmckenzie@example.net,2022-12-31
433,Michelle,Nguyen,jallen@example.org,2023-08-23
434,Rodney,Bryant,kharris@example.net,2024-07-22
435,Kathleen,Wilson,melissaross@example.net,2023-01-14
436,Stacy,Gonzalez,jwilliams@example.com,2023-09-29
437,Natalie,Sims,pachecogregory@example.net,2024-02-26
438,Robin,Hancock,ericmyers@example.net,2024-06-28
439,Michael,Perez,paigeharris@example.com,2023-02-04
440,Tammy,Reid,catherine76@example.com,2024-04-07
441,Deanna,Tucker,fholland@example.com,2023-05-31
442,Anthony,Ward,unichols@example.com,2023-03-17
443,Wendy,Gill,jwilliams@example.org,2024-07-22
444,Benjamin,Douglas,russellgray@example.net,2024-02-08
445,Brian,Wright,riverarichard@example.net,2023-10-26
446,Tanner,Brown,timothy45@example.net,2023-10-21
447,Kyle,Alvarez,iwillis@example.org,2023-03-27
448,Jermaine,Williams,sotosierra@example.net,2022-12-07
449,Kayla,Hamilton,williamskimberly@example.com,2023-11-25
450,Christopher,Jackson,calvincharles@example.com,2023-02-14
451,Nicholas,Conrad,waynehancock@example.com,2023-03-17
452,Dorothy,Washington,wendy53@example.org,2022-11-11
453,Miguel,Wheeler,tyler01@example.org,2024-02-01
454,Kenneth,Garcia,todd44@example.net,2023-10-27
455,Margaret,Greer,derrick50@example.net,2023-11-02
456,Amber,King,dkirk@example.net,2023-12-16
457,Matthew,Obrien,dadams@example.net,2024-08-23
458,Lisa,Pineda,fellis@example.net,2023-01-16
459,Jorge,Taylor,markmason@example.net,2023-06-17
460,Julie,Frank,ashleygarza@example.com,2023-11-19
461,Taylor,Richmond,john94@example.org,2023-12-21
462,Debra,Wood,millerleslie@example.com,2022-10-23
463,Timothy,Anderson,farrellchristy@example.com,2024-02-21
464,John,Scott,holly85@example.org,2023-04-01
465,Thomas,Small,thomasmoore@example.com,2022-10-05
466,Emily,Love,teresadavidson@example.net,2024-02-18
467,William,Lewis,justinjenkins@example.com,2024-08-24
468,Michelle,Schroeder,morenoshaun@example.net,2023-06-11
469,James,Salinas,barronedwin@example.com,2024-04-28
470,Adrienne,Wilkinson,arnoldjohn@example.com,2023-01-28
471,Jacob,Logan,goodwindawn@example.org,2024-04-11
472,Lori,Bowman,jamesmonroe@example.net,2023-09-17
473,Katherine,Diaz,mccallallison@example.net,2024-10-02
474,Katelyn,Holloway,qhernandez@example.net,2024-05-04
475,Carrie,Padilla,johnsontimothy@example.com,2023-06-20
476,Tracy,Park,morrisonjennifer@example.org,2024-03-06
477,Monica,Schultz,greendavid@example.net,2023-01-15
478,Beth,Thompson,hernandezbrittany@example.net,2024-01-24
479,Heidi,Owen,michelledavenport@example.org,2022-11-16
480,Sarah,Brock,david05@example.net,2023-04-09
481,Patricia,Johnson,reneeramsey@example.com,2024-08-28
482,Kayla,Welch,deannaellis@example.com,2024-08-25
483,Mike,Gonzalez,benitezheather@example.org,2024-03-09
484,Robert,Bryan,schroederrandall@example.com,2024-09-01
485,Stacey,Bautista,conraderic@example.net,2023-06-20
486,Cassandra,Coffey,karenwalker@example.com,2024-04-05
487,Angela,Price,montoyadiana@example.com,2023-03-07
488,Billy,Jennings,sandra35@example.org,2024-09-07
489,Crystal,Page,cheryl27@example.com,2024-04-02
490,Thomas,Price,nelsondavid@example.com,2024-07-28
491,Lance,Allen,stewartkenneth@example.net,2023-06-27
492,Anna,Fernandez,williamskimberly@example.com,2022-12-20
493,Gregory,Crawford,qcarter@example.com,2024-09-04
494,Julia,Wu,kevin41@example.org,2024-01-06
495,Margaret,Ho,anthony34@example.com,2024-02-08
496,Emily,Kelley,zbailey@example.org,2024-08-10
497,John,Mccarthy,davidshort@example.com,2022-11-29
498,Derrick,Johnson,dhill@example.com,2024-01-30
499,Philip,Adams,williamestrada@example.org,2023-07-30
500,Katherine,Carter,gallegosmatthew@example.com,2023-07-29
501,Victoria,Jones,ulewis@example.com,2023-07-20
502,Patrick,Molina,ucarter@example.com,2024-06-17
503,Tiffany,Powell,tpowell@example.net,2024-09-23
504,Courtney,Martin,joshua15@example.net,2022-10-04
505,Candice,Brock,wbrooks@example.net,2023-11-28
506,Wanda,Gomez,christine57@example.net,2023-12-06
507,Chad,Jones,lisa75@example.net,2022-10-23
508,Robert,Williams,george16@example.org,2024-04-18
509,Joshua,Thomas,bsmith@example.org,2024-05-02
510,Rebecca,Parks,ortizdestiny@example.com,2023-03-31
511,Jacob,Wang,wwilliamson@example.org,2023-12-18
512,John,Garrett,hclark@example.com,2024-07-04
513,Amanda,Thomas,rdavis@example.net,2023-10-04
514,Derrick,Mcdaniel,gmartinez@example.com,2023-02-07
515,Pamela,Bryant,mikegeorge@example.org,2022-10-27
516,Robert,Cruz,richardhale@example.org,2022-11-18
517,Rebecca,Howard,david26@example.com,2024-07-30
518,Patrick,Bennett,kelleywayne@example.net,2022-11-07
519,Alexander,Sullivan,robertsmith@example.com,2023-01-06
520,Richard,Jacobs,nchen@example.net,2024-08-01
521,William,Keith,karenpeterson@example.com,2023-07-25
522,Amber,Smith,aprilmiller@example.org,2024-04-15
523,Christopher,Osborne,joshua11@example.org,2024-04-02
524,Joyce,Ford,esloan@example.net,2023-05-07
525,Michael,Larson,rwood@example.com,2023-03-01
526,Beth,Pierce,juliejohnson@example.com,2024-03-14
527,Thomas,Boyd,kharper@example.org,2024-02-07
528,Ralph,Hernandez,zclay@example.org,2024-04-16
529,Jonathan,Clarke,blane@example.org,2024-04-09
530,Jennifer,Howard,stephendavis@example.org,2022-12-21
531,Stephanie,Henderson,dianabrown@example.net,2024-07-15
532,Tammy,Marshall,cookjill@example.org,2023-04-25
533,Tammy,Macias,justin13@example.net,2024-08-07
534,Lori,Graham,paige68@example.org,2023-09-12
535,Daniel,Russell,lauren55@example.org,2023-02-20
536,James,Marks,kroberson@example.net,2023-01-24
537,Gabriel,Pierce,wscott@example.org,2024-08-31
538,David,Strong,william40@example.org,2022-10-18
539,Christopher,Foster,agray@example.net,2024-05-09
540,Deborah,Salazar,ujoseph@example.net,2024-01-22
541,Brian,Garrett,gardnermichael@example.com,2023-12-05
542,Holly,Casey,madelineharrington@example.com,2023-08-29
543,Lindsay,Burton,kirkjohn@example.net,2024-07-07
544,James,Franklin,riley34@example.com,2023-11-15
545,Alicia,Johns,matthewjames@example.org,2023-03-31
546,Philip,Hanson,qkelley@example.com,2024-03-20
547,Michelle,Coleman,richkelly@example.com,2023-04-19
548,Cynthia,Ayers,gsimpson@example.net,2022-12-08
549,Kayla,Galvan,beverly04@example.com,2023-05-19
550,Matthew,Ford,tammysosa@example.net,2023-02-13
551,Jonathan,Owens,cody20@example.net,2023-10-11
552,Mallory,Davidson,wyattrobert@example.org,2024-05-14
553,Diane,White,mary37@example.org,2022-12-08
554,Timothy,Smith,justincastillo@example.com,2024-08-04
555,Mason,Cruz,beckerrachel@example.net,2023-04-01
556,Michael,Thomas,donna60@example.org,2023-02-23
557,Nicholas,Garrett,simpsonjohnathan@example.org,2024-02-19
558,Carlos,Murillo,tmeyers@example.com,2024-07-22
559,Michael,Roberts,dawnperez@example.net,2023-01-27
560,Kathleen,Alexander,aparks@example.net,2022-10-15
561,Kevin,Smith,tracygrant@example.com,2023-03-28
562,Briana,Moran,joseph58@example.com,2024-08-03
563,Tanner,Perry,esharp@example.net,2024-03-16
564,Victor,Rush,hancockmary@example.org,2023-11-03
565,Grace,Stevens,wwilliams@example.org,2023-04-06
566,Bradley,Spencer,lfields@example.com,2024-03-22
567,Angela,Rocha,qnunez@example.org,2023-07-18
568,Lauren,Webb,nicolemoreno@example.org,2022-11-10
569,Elizabeth,Martinez,kim13@example.com,2023-12-09
570,Teresa,Smith,castillobrandon@example.net,2024-08-02
571,Douglas,Hamilton,fstanton@example.com,2023-09-30
572,Michelle,Hicks,trogers@example.com,2023-03-31
573,Steven,Moore,smithbrandon@example.com,2023-10-24
574,Joseph,Camacho,autumn23@example.com,2023-06-11
575,Shane,Butler,laurenowens@example.org,2023-03-06
576,Colton,Irwin,hunterjessica@example.org,2022-11-24
577,James,Summers,steven73@example.org,2024-03-31
578,Sherry,Mcmahon,james16@example.com,2024-05-31
579,Andrew,Ryan,raymondturner@example.net,2024-06-02
580,Arthur,Perkins,qthompson@example.org,2022-10-08
581,Michael,Buckley,michael47@example.com,2023-11-17
582,Jessica,White,charlessmith@example.com,2024-08-03
583,Wendy,Fletcher,cbailey@example.org,2024-01-15
584,David,Mitchell,mario96@example.com,2023-12-12
585,Jessica,Buck,odavis@example.com,2024-07-09
586,Nicole,Smith,david57@example.com,2024-01-10
587,Brian,Flores,xsanders@example.net,2023-02-11
588,Tracy,Pittman,david69@example.net,2024-07-06
589,Kevin,Hunt,patrickwarren@example.com,2024-06-20
590,Tony,Andrade,hsteele@example.org,2022-12-20
591,Mario,Bryant,ashley39@example.com,2023-01-12
592,Danielle,Garner,holtdonna@example.org,2022-12-02
593,Joseph,Goodman,kenneth56@example.com,2023-01-04
594,Kaitlyn,Franklin,thomasgarcia@example.com,2023-12-04
595,Tiffany,Harrison,stephanie91@example.org,2023-10-10
596,Samuel,Jones,mckenzieemma@example.org,2024-08-24
597,Keith,Russell,rojasdavid@example.org,2023-07-22
598,Hailey,Newton,michaela66@example.com,2024-09-29
599,Diana,Ramos,jamesward@example.net,2023-08-14
600,Marcus,Reyes,yfowler@example.org,2023-02-10
601,James,Garrison,laura42@example.org,2024-07-12
602,Jennifer,Dawson,rodriguezmike@example.net,2024-06-23
603,Nathan,Sanders,tracilopez@example.com,2023-09-23
604,Phillip,Watkins,ifoster@example.net,2023-09-16
605,Ronnie,Shepherd,john54@example.net,2023-04-20
606,Cameron,Mitchell,jenniferwalker@example.org,2022-11-18
607,Andrew,Phillips,pschneider@example.org,2024-03-08
608,James,Rodriguez,cassandra52@example.com,2023-04-07
609,Curtis,Jones,aflores@example.net,2023-05-09
610,Lisa,Conley,taylorsteven@example.org,2023-07-19
611,Matthew,Watkins,victor10@example.org,2022-12-02
612,Cory,Erickson,caitlin33@example.com,2024-02-25
613,Ernest,Velasquez,bradshawann@example.com,2023-07-03
614,Sarah,Foster,xsnyder@example.org,2024-01-13
615,James,Phillips,umayo@example.net,2023-09-02
616,Tyler,Mendoza,shermantina@example.net,2023-06-27
617,Austin,Zamora,bcarey@example.org,2024-08-22
618,Pamela,Murphy,brussell@example.com,2022-10-23
619,Caleb,Guerrero,fwalker@example.net,2022-11-04
620,Maureen,Daugherty,calebmendez@example.net,2023-11-17
621,Kimberly,Love,bakerangela@example.org,2023-01-28
622,Adrienne,Morales,zwilliams@example.org,2023-10-18
623,Nathan,Johnson,chelsea72@example.com,2024-08-08
624,Randy,Cole,scombs@example.net,2024-09-04
625,David,Lynn,donna49@example.net,2023-02-14
626,Michael,Baxter,dalemartinez@example.com,2024-04-25
627,Julia,Tate,kevin88@example.com,2024-03-25
628,Monica,King,garnerrodney@example.com,2023-10-04
629,Sherri,Perez,ycrawford@example.org,2024-04-23
630,Ashley,Martin,umendoza@example.net,2022-11-27
631,Lauren,Hernandez,curtiswalker@example.com,2024-07-18
632,Denise,Bowen,ericamoreno@example.com,2023-03-05
633,Jeffrey,Graham,watsoncraig@example.com,2023-04-08
634,Jason,Davis,davidmitchell@example.com,2023-08-04
635,Katie,Rodriguez,jacksonloretta@example.com,2024-05-06
636,Brian,Conrad,ywilson@example.com,2024-07-02
637,Justin,Holland,danielmonroe@example.org,2022-11-18
638,Kelly,Richardson,zhangalexander@example.net,2024-01-11
639,Dustin,Anderson,kathryngriffin@example.com,2022-11-23
640,Stephanie,Russell,cohenkyle@example.net,2022-10-19
641,Charles,Day,kathryn19@example.net,2023-11-10
642,Michelle,Manning,charles36@example.com,2024-05-21
643,Craig,Flores,fmartinez@example.net,2023-10-30
644,Michael,James,ypalmer@example.com,2023-12-27
645,Kathryn,Patel,christopher67@example.com,2022-11-21
646,William,Gordon,eric12@example.org,2022-12-05
647,William,Thomas,shortgina@example.com,2024-02-18
648,Ricardo,Franklin,michael22@example.net,2023-12-01
649,Samantha,Hinton,vjohnson@example.net,2023-09-12
650,Tara,Hardy,john73@example.net,2023-01-06
651,Michael,Williams,marklittle@example.org,2023-06-21
652,Shawn,Gardner,lauragomez@example.org,2023-01-08
653,Angela,Cox,wolfmichele@example.com,2023-10-07
654,Christopher,Martin,tammy82@example.net,2023-02-25
655,Steven,Wilson,fordedward@example.org,2023-11-08
656,Jason,Chavez,daniel35@example.org,2024-05-30
657,David,Spencer,yrobinson@example.net,2023-05-16
658,Melissa,Robbins,donnadavis@example.org,2023-08-01
659,Matthew,Hernandez,ggomez@example.org,2024-01-08
660,Meghan,Rivera,yhouston@example.com,2023-06-05
661,Kyle,Buck,marywalker@example.org,2022-12-11
662,Joanne,Holland,jeremy90@example.com,2024-10-02
663,Haley,Johnson,pmccarthy@example.org,2023-03-11
664,Ronald,Shea,nedwards@example.com,2022-12-12
665,Larry,Mcintyre,jackie77@example.org,2024-02-26
666,Melissa,Smith,james57@example.com,2023-05-02
667,Amanda,Smith,lowejeffrey@example.com,2023-07-22
668,Desiree,Hogan,thomasowens@example.net,2023-06-11
669,William,Mills,lisa44@example.net,2022-11-23
670,Tracy,Hawkins,sharprebecca@example.org,2024-02-22
671,John,Lucas,gonzalesjoshua@example.org,2022-10-30
672,Brian,Jenkins,brandicarrillo@example.net,2023-03-04
673,Angelica,Conway,wrightanna@example.org,2023-03-19
674,Crystal,Chandler,stephenclark@example.org,2022-10-19
675,Karen,Johnson,wmason@example.net,2022-11-11
676,Philip,Sanchez,stewartmichael@example.com,2023-12-12
677,Lisa,King,john42@example.org,2024-01-29
678,Danielle,Barton,steeledesiree@example.net,2022-12-22
679,Jonathon,Cervantes,stanley70@example.net,2022-11-10
680,Brittany,Lee,bjackson@example.org,2022-12-27
681,Laura,Rios,beckerdorothy@example.org,2023-06-11
682,Robin,Wells,jeremy14@example.com,2024-06-04
683,James,Jimenez,ganthony@example.org,2022-12-08
684,Frank,Ward,carlos67@example.org,2023-04-07
685,Erik,Bush,amanda59@example.org,2023-06-12
686,William,Andrews,nina43@example.org,2023-10-10
687,Roger,Fisher,kimberly64@example.net,2023-07-08
688,Michael,Miller,juliegonzalez@example.com,2023-07-22
689,Cody,Norris,aaron20@example.net,2023-06-05
690,Robert,Long,andrew18@example.net,2023-11-25
691,Don,Brown,mark34@example.net,2023-04-08
692,Lisa,Mueller,wanderson@example.com,2023-02-25
693,James,Wilkerson,eking@example.net,2022-10-06
694,Robin,Stevens,jenniferrobertson@example.org,2023-12-12
695,Jill,Rose,william42@example.com,2024-04-09
696,Alexa,Jones,robert06@example.net,2024-08-30
697,Blake,Payne,wperry@example.org,2023-07-02
698,Christina,Fischer,oclayton@example.com,2023-07-13
699,Tracy,Knox,kmacias@example.com,2023-05-19
700,Corey,Wyatt,kristina55@example.org,2024-05-11
701,Kerri,Miller,xhall@example.net,2023-07-06
702,Monica,Weaver,mariabenjamin@example.net,2022-10-23
703,Thomas,Coffey,ehiggins@example.net,2022-11-23
704,Micheal,Watson,john99@example.org,2024-08-30
705,Tony,Thomas,robertevans@example.net,2024-05-12
706,Jason,Coleman,zachary92@example.org,2023-07-17
707,Jose,Wright,brownbeth@example.org,2023-10-31
708,Lisa,Lee,david45@example.org,2023-03-15
709,Susan,Wilson,xturner@example.net,2023-12-24
710,Angela,Manning,robertphillips@example.org,2024-01-25
711,Angela,Boyd,debbieriley@example.com,2023-04-20
712,Michael,Jackson,rojaslori@example.com,2024-09-08
713,Kyle,Singh,gonzalesjenna@example.com,2024-06-16
714,Sarah,Barker,monicaelliott@example.org,2023-11-19
715,Anna,Keller,mannrobert@example.com,2023-09-21
716,Keith,Walker,whitejacqueline@example.com,2023-07-25
717,John,Pierce,lopezkaren@example.org,2023-07-02
718,Andrew,Lopez,millerdustin@example.org,2022-11-07
719,Kim,Garcia,timothy53@example.com,2024-07-04
720,David,Stevens,tyler52@example.net,2023-09-28
721,Nicole,May,flemingjose@example.net,2023-03-03
722,Sandra,Martinez,julia31@example.net,2024-06-13
723,Bobby,Allen,adamrogers@example.com,2023-12-27
724,Christopher,Carter,dana32@example.org,2023-11-19
725,Michael,Jones,oliviarichmond@example.org,2024-02-27
726,Judy,Hall,tamara39@example.com,2023-09-03
727,Lauren,Wood,changstephanie@example.org,2024-07-05
728,Molly,Gray,michellehart@example.com,2022-11-02
729,Sarah,Williams,ahoffman@example.net,2023-06-25
730,Marcia,Pugh,maria06@example.net,2022-12-12
731,Patrick,Gibbs,merrittdaniel@example.com,2024-05-20
732,Jeremy,Montoya,jonesjonathan@example.net,2023-02-01
733,Alejandro,Gill,jamievang@example.org,2023-04-16
734,Rachel,Foster,lhouston@example.com,2023-06-26
735,Shirley,Melendez,robert22@example.org,2023-11-26
736,Larry,Hinton,ericanderson@example.com,2024-04-09
737,Jeffery,Roth,michaelramsey@example.net,2023-11-14
738,William,Greene,millerjordan@example.org,2023-09-14
739,Amanda,Carpenter,marthapowers@example.net,2024-02-04
740,Kristina,Gonzalez,elizabethyang@example.org,2023-03-12
741,James,Thomas,laura16@example.org,2024-06-22
742,Krystal,Ross,christine70@example.net,2023-11-23
743,Laura,Miller,edwardstroy@example.net,2023-01-25
744,Vanessa,Luna,jackalvarez@example.com,2024-02-04
745,Douglas,Small,andrea21@example.com,2024-07-31
746,Kristina,Shields,kennedykristen@example.org,2024-03-22
747,Amanda,Foley,ccampbell@example.org,2023-08-18
748,Michael,Bryant,curtis49@example.com,2024-03-20
749,Olivia,Davis,glenda89@example.net,2023-01-22
750,Frances,Whitaker,orichards@example.net,2024-01-16
751,Miguel,Pierce,paulosborne@example.org,2024-05-29
752,Johnny,Evans,kbaker@example.net,2024-07-16
753,Mary,Alexander,amaynard@example.net,2023-10-01
754,Zachary,Harris,briana20@example.com,2023-06-16
755,Laura,Flores,dana41@example.org,2022-12-23
756,Shelia,Romero,christine56@example.net,2023-06-06
757,Robert,Boyd,hardinsophia@example.com,2022-10-23
758,Victoria,Henderson,yvettecarr@example.org,2024-04-11
759,Sarah,Hoffman,pauljackson@example.org,2023-01-04
760,Taylor,Le,patriciapalmer@example.com,2023-11-26
761,Mark,Miller,qwilson@example.net,2023-07-15
762,Courtney,Leonard,harrislaura@example.com,2023-02-07
763,Aimee,Wilson,davisbrandon@example.com,2023-03-04
764,Dominique,Mccoy,linda05@example.net,2024-07-25
765,Lee,Stewart,reginarobinson@example.org,2023-12-04
766,Jade,Bryant,oschultz@example.com,2024-03-08
767,Mariah,Smith,hamiltonrobert@example.com,2023-10-07
768,John,Savage,danielleevans@example.com,2024-08-01
